run_tag,block_index,phase,expected_elapsed_ms,observed_elapsed_ms,delta_ms
PREFLIGHT,soundLoaded=true,ttsInit=0,langAvail=1,offlineEnglishVoice=true,ttsUsable=true,duck=true
0,work,0,1,1,focus=true
TTS,cue-0-work,ok
0,rest,15000,15002,2,focus=true
TTS,cue-0-rest,ok
1,work,25000,25002,2,focus=true
TTS,cue-1-work,ok
1,rest,40000,40002,2,focus=true
TTS,cue-1-rest,ok
2,work,50000,50002,2,focus=true
TTS,cue-2-work,ok
2,rest,65000,65002,2,focus=true
TTS,cue-2-rest,ok
3,work,75000,75003,3,focus=true
TTS,cue-3-work,ok
3,rest,90000,90002,2,focus=true
TTS,cue-3-rest,ok
4,work,100000,100002,2,focus=true
TTS,cue-4-work,ok
4,rest,115000,115004,4,focus=true
TTS,cue-4-rest,ok
5,work,125000,125003,3,focus=true
TTS,cue-5-work,ok
5,rest,140000,140002,2,focus=true
TTS,cue-5-rest,ok
6,work,150000,150003,3,focus=true
TTS,cue-6-work,ok
6,rest,165000,165002,2,focus=true
TTS,cue-6-rest,ok
7,work,175000,175003,3,focus=true
TTS,cue-7-work,ok
7,rest,190000,190002,2,focus=true
TTS,cue-7-rest,ok
8,work,200000,200003,3,focus=true
TTS,cue-8-work,ok
8,rest,215000,215002,2,focus=true
TTS,cue-8-rest,ok
9,work,225000,225003,3,focus=true
TTS,cue-9-work,ok
9,rest,240000,240003,3,focus=true
TTS,cue-9-rest,ok
10,work,250000,250003,3,focus=true
TTS,cue-10-work,ok
10,rest,265000,265002,2,focus=true
TTS,cue-10-rest,ok
11,work,275000,275003,3,focus=true
TTS,cue-11-work,ok
11,rest,290000,290002,2,focus=true
TTS,cue-11-rest,ok
12,work,300000,300003,3,focus=true
TTS,cue-12-work,ok
12,rest,315000,315002,2,focus=true
TTS,cue-12-rest,ok
13,work,325000,325003,3,focus=true
TTS,cue-13-work,ok
13,rest,340000,340003,3,focus=true
TTS,cue-13-rest,ok
14,work,350000,350002,2,focus=true
TTS,cue-14-work,ok
14,rest,365000,365002,2,focus=true
TTS,cue-14-rest,ok
15,work,375000,375002,2,focus=true
TTS,cue-15-work,ok
15,rest,390000,390003,3,focus=true
TTS,cue-15-rest,ok
16,work,400000,400003,3,focus=true
TTS,cue-16-work,ok
16,rest,415000,415002,2,focus=true
TTS,cue-16-rest,ok
17,work,425000,425003,3,focus=true
TTS,cue-17-work,ok
17,rest,440000,440003,3,focus=true
TTS,cue-17-rest,ok
18,work,450000,450002,2,focus=true
TTS,cue-18-work,ok
18,rest,465000,465003,3,focus=true
TTS,cue-18-rest,ok
19,work,475000,475005,5,focus=true
TTS,cue-19-work,ok
19,rest,490000,490003,3,focus=true
TTS,cue-19-rest,ok
20,work,500000,500002,2,focus=true
TTS,cue-20-work,ok
20,rest,515000,515002,2,focus=true
TTS,cue-20-rest,ok
21,work,525000,525003,3,focus=true
TTS,cue-21-work,ok
21,rest,540000,540002,2,focus=true
TTS,cue-21-rest,ok
22,work,550000,550003,3,focus=true
TTS,cue-22-work,ok
22,rest,565000,565005,5,focus=true
TTS,cue-22-rest,ok
23,work,575000,575003,3,focus=true
TTS,cue-23-work,ok
23,rest,590000,590003,3,focus=true
TTS,cue-23-rest,ok
24,work,600000,600002,2,focus=true
TTS,cue-24-work,ok
24,rest,615000,615003,3,focus=true
TTS,cue-24-rest,ok
25,work,625000,625002,2,focus=true
TTS,cue-25-work,ok
25,rest,640000,640003,3,focus=true
TTS,cue-25-rest,ok
26,work,650000,650003,3,focus=true
TTS,cue-26-work,ok
26,rest,665000,665003,3,focus=true
TTS,cue-26-rest,ok
27,work,675000,675003,3,focus=true
TTS,cue-27-work,ok
27,rest,690000,690002,2,focus=true
TTS,cue-27-rest,ok
28,work,700000,700003,3,focus=true
TTS,cue-28-work,ok
28,rest,715000,715003,3,focus=true
TTS,cue-28-rest,ok
29,work,725000,725002,2,focus=true
TTS,cue-29-work,ok
29,rest,740000,740002,2,focus=true
TTS,cue-29-rest,ok
30,work,750000,750005,5,focus=true
TTS,cue-30-work,ok
30,rest,765000,765003,3,focus=true
TTS,cue-30-rest,ok
31,work,775000,775002,2,focus=true
TTS,cue-31-work,ok
31,rest,790000,790003,3,focus=true
TTS,cue-31-rest,ok
32,work,800000,800003,3,focus=true
TTS,cue-32-work,ok
32,rest,815000,815004,4,focus=true
TTS,cue-32-rest,ok
33,work,825000,825002,2,focus=true
TTS,cue-33-work,ok
33,rest,840000,840003,3,focus=true
TTS,cue-33-rest,ok
34,work,850000,850002,2,focus=true
TTS,cue-34-work,ok
34,rest,865000,865003,3,focus=true
TTS,cue-34-rest,ok
35,work,875000,875003,3,focus=true
TTS,cue-35-work,ok
35,rest,890000,890003,3,focus=true
TTS,cue-35-rest,ok
36,work,900000,900002,2,focus=true
TTS,cue-36-work,ok
36,rest,915000,915002,2,focus=true
TTS,cue-36-rest,ok
37,work,925000,925003,3,focus=true
TTS,cue-37-work,ok
37,rest,940000,940003,3,focus=true
TTS,cue-37-rest,ok
38,work,950000,950003,3,focus=true
TTS,cue-38-work,ok
38,rest,965000,965004,4,focus=true
TTS,cue-38-rest,ok
39,work,975000,975003,3,focus=true
TTS,cue-39-work,ok
39,rest,990000,990003,3,focus=true
TTS,cue-39-rest,ok
40,work,1000000,1000003,3,focus=true
TTS,cue-40-work,ok
40,rest,1015000,1015003,3,focus=true
TTS,cue-40-rest,ok
41,work,1025000,1025003,3,focus=true
TTS,cue-41-work,ok
41,rest,1040000,1040002,2,focus=true
TTS,cue-41-rest,ok
42,work,1050000,1050003,3,focus=true
TTS,cue-42-work,ok
42,rest,1065000,1065017,17,focus=true
TTS,cue-42-rest,ok
43,work,1075000,1075003,3,focus=true
TTS,cue-43-work,ok
43,rest,1090000,1090003,3,focus=true
TTS,cue-43-rest,ok
44,work,1100000,1100003,3,focus=true
TTS,cue-44-work,ok
44,rest,1115000,1115003,3,focus=true
TTS,cue-44-rest,ok
45,work,1125000,1125005,5,focus=true
TTS,cue-45-work,ok
45,rest,1140000,1140004,4,focus=true
TTS,cue-45-rest,ok
46,work,1150000,1150003,3,focus=true
TTS,cue-46-work,ok
46,rest,1165000,1165003,3,focus=true
TTS,cue-46-rest,ok
47,work,1175000,1175004,4,focus=true
TTS,cue-47-work,ok
47,rest,1190000,1190003,3,focus=true
TTS,cue-47-rest,ok
48,work,1200000,1200005,5,focus=true
TTS,cue-48-work,ok
48,rest,1215000,1215003,3,focus=true
TTS,cue-48-rest,ok
49,work,1225000,1225003,3,focus=true
TTS,cue-49-work,ok
49,rest,1240000,1240003,3,focus=true
TTS,cue-49-rest,ok
50,work,1250000,1250004,4,focus=true
TTS,cue-50-work,ok
50,rest,1265000,1265003,3,focus=true
TTS,cue-50-rest,ok
51,work,1275000,1275002,2,focus=true
TTS,cue-51-work,ok
51,rest,1290000,1290003,3,focus=true
TTS,cue-51-rest,ok
52,work,1300000,1300003,3,focus=true
TTS,cue-52-work,ok
52,rest,1315000,1315003,3,focus=true
TTS,cue-52-rest,ok
53,work,1325000,1325003,3,focus=true
TTS,cue-53-work,ok
53,rest,1340000,1340003,3,focus=true
TTS,cue-53-rest,ok
54,work,1350000,1350003,3,focus=true
TTS,cue-54-work,ok
54,rest,1365000,1365002,2,focus=true
TTS,cue-54-rest,ok
55,work,1375000,1375003,3,focus=true
TTS,cue-55-work,ok
55,rest,1390000,1390003,3,focus=true
TTS,cue-55-rest,ok
56,work,1400000,1400003,3,focus=true
TTS,cue-56-work,ok
56,rest,1415000,1415003,3,focus=true
TTS,cue-56-rest,ok
57,work,1425000,1425003,3,focus=true
TTS,cue-57-work,ok
57,rest,1440000,1440003,3,focus=true
TTS,cue-57-rest,ok
58,work,1450000,1450003,3,focus=true
TTS,cue-58-work,ok
58,rest,1465000,1465002,2,focus=true
TTS,cue-58-rest,ok
59,work,1475000,1475004,4,focus=true
TTS,cue-59-work,ok
59,rest,1490000,1490003,3,focus=true
TTS,cue-59-rest,ok
60,work,1500000,1500003,3,focus=true
TTS,cue-60-work,ok
60,rest,1515000,1515003,3,focus=true
TTS,cue-60-rest,ok
61,work,1525000,1525003,3,focus=true
TTS,cue-61-work,ok
61,rest,1540000,1540003,3,focus=true
TTS,cue-61-rest,ok
62,work,1550000,1550003,3,focus=true
TTS,cue-62-work,ok
62,rest,1565000,1565003,3,focus=true
TTS,cue-62-rest,ok
63,work,1575000,1575003,3,focus=true
TTS,cue-63-work,ok
63,rest,1590000,1590003,3,focus=true
TTS,cue-63-rest,ok
64,work,1600000,1600003,3,focus=true
TTS,cue-64-work,ok
64,rest,1615000,1615003,3,focus=true
TTS,cue-64-rest,ok
65,work,1625000,1625003,3,focus=true
TTS,cue-65-work,ok
65,rest,1640000,1640004,4,focus=true
TTS,cue-65-rest,ok
66,work,1650000,1650003,3,focus=true
TTS,cue-66-work,ok
66,rest,1665000,1665003,3,focus=true
TTS,cue-66-rest,ok
67,work,1675000,1675003,3,focus=true
TTS,cue-67-work,ok
67,rest,1690000,1690003,3,focus=true
TTS,cue-67-rest,ok
68,work,1700000,1700003,3,focus=true
TTS,cue-68-work,ok
68,rest,1715000,1715003,3,focus=true
TTS,cue-68-rest,ok
69,work,1725000,1725003,3,focus=true
TTS,cue-69-work,ok
69,rest,1740000,1740003,3,focus=true
TTS,cue-69-rest,ok
70,work,1750000,1750003,3,focus=true
TTS,cue-70-work,ok
70,rest,1765000,1765003,3,focus=true
TTS,cue-70-rest,ok
71,work,1775000,1775003,3,focus=true
TTS,cue-71-work,ok
71,rest,1790000,1790003,3,focus=true
TTS,cue-71-rest,ok
72,work,1800000,1800003,3,focus=true
TTS,cue-72-work,ok
72,rest,1815000,1815004,4,focus=true
TTS,cue-72-rest,ok
73,work,1825000,1825003,3,focus=true
TTS,cue-73-work,ok
73,rest,1840000,1840003,3,focus=true
TTS,cue-73-rest,ok
74,work,1850000,1850003,3,focus=true
TTS,cue-74-work,ok
74,rest,1865000,1865003,3,focus=true
TTS,cue-74-rest,ok
75,work,1875000,1875003,3,focus=true
TTS,cue-75-work,ok
75,rest,1890000,1890003,3,focus=true
TTS,cue-75-rest,ok
76,work,1900000,1900002,2,focus=true
TTS,cue-76-work,ok
76,rest,1915000,1915003,3,focus=true
TTS,cue-76-rest,ok
77,work,1925000,1925003,3,focus=true
TTS,cue-77-work,ok
77,rest,1940000,1940003,3,focus=true
TTS,cue-77-rest,ok
78,work,1950000,1950004,4,focus=true
TTS,cue-78-work,ok
78,rest,1965000,1965003,3,focus=true
TTS,cue-78-rest,ok
79,work,1975000,1975002,2,focus=true
TTS,cue-79-work,ok
79,rest,1990000,1990003,3,focus=true
TTS,cue-79-rest,ok
80,work,2000000,2000003,3,focus=true
TTS,cue-80-work,ok
80,rest,2015000,2015003,3,focus=true
TTS,cue-80-rest,ok
81,work,2025000,2025003,3,focus=true
TTS,cue-81-work,ok
81,rest,2040000,2040003,3,focus=true
TTS,cue-81-rest,ok
82,work,2050000,2050003,3,focus=true
TTS,cue-82-work,ok
82,rest,2065000,2065003,3,focus=true
TTS,cue-82-rest,ok
83,work,2075000,2075003,3,focus=true
TTS,cue-83-work,ok
83,rest,2090000,2090003,3,focus=true
TTS,cue-83-rest,ok
84,work,2100000,2100003,3,focus=true
TTS,cue-84-work,ok
84,rest,2115000,2115004,4,focus=true
TTS,cue-84-rest,ok
85,work,2125000,2125003,3,focus=true
TTS,cue-85-work,ok
85,rest,2140000,2140003,3,focus=true
TTS,cue-85-rest,ok
86,work,2150000,2150004,4,focus=true
TTS,cue-86-work,ok
86,rest,2165000,2165003,3,focus=true
TTS,cue-86-rest,ok
87,work,2175000,2175003,3,focus=true
TTS,cue-87-work,ok
87,rest,2190000,2190003,3,focus=true
TTS,cue-87-rest,ok
88,work,2200000,2200003,3,focus=true
TTS,cue-88-work,ok
88,rest,2215000,2215003,3,focus=true
TTS,cue-88-rest,ok
89,work,2225000,2225003,3,focus=true
TTS,cue-89-work,ok
89,rest,2240000,2240004,4,focus=true
TTS,cue-89-rest,ok
90,work,2250000,2250003,3,focus=true
TTS,cue-90-work,ok
90,rest,2265000,2265003,3,focus=true
TTS,cue-90-rest,ok
91,work,2275000,2275003,3,focus=true
TTS,cue-91-work,ok
91,rest,2290000,2290003,3,focus=true
TTS,cue-91-rest,ok
92,work,2300000,2300004,4,focus=true
TTS,cue-92-work,ok
92,rest,2315000,2315003,3,focus=true
TTS,cue-92-rest,ok
93,work,2325000,2325004,4,focus=true
TTS,cue-93-work,ok
93,rest,2340000,2340003,3,focus=true
TTS,cue-93-rest,ok
94,work,2350000,2350003,3,focus=true
TTS,cue-94-work,ok
94,rest,2365000,2365003,3,focus=true
TTS,cue-94-rest,ok
95,work,2375000,2375003,3,focus=true
TTS,cue-95-work,ok
95,rest,2390000,2390002,2,focus=true
TTS,cue-95-rest,ok
96,work,2400000,2400004,4,focus=true
TTS,cue-96-work,ok
96,rest,2415000,2415003,3,focus=true
TTS,cue-96-rest,ok
97,work,2425000,2425003,3,focus=true
TTS,cue-97-work,ok
97,rest,2440000,2440004,4,focus=true
TTS,cue-97-rest,ok
98,work,2450000,2450003,3,focus=true
TTS,cue-98-work,ok
98,rest,2465000,2465006,6,focus=true
TTS,cue-98-rest,ok
99,work,2475000,2475003,3,focus=true
TTS,cue-99-work,ok
99,rest,2490000,2490003,3,focus=true
TTS,cue-99-rest,ok
100,work,2500000,2500003,3,focus=true
TTS,cue-100-work,ok
100,rest,2515000,2515003,3,focus=true
TTS,cue-100-rest,ok
101,work,2525000,2525003,3,focus=true
TTS,cue-101-work,ok
101,rest,2540000,2540003,3,focus=true
TTS,cue-101-rest,ok
102,work,2550000,2550003,3,focus=true
TTS,cue-102-work,ok
102,rest,2565000,2565003,3,focus=true
TTS,cue-102-rest,ok
103,work,2575000,2575003,3,focus=true
TTS,cue-103-work,ok
103,rest,2590000,2590003,3,focus=true
TTS,cue-103-rest,ok
104,work,2600000,2600003,3,focus=true
TTS,cue-104-work,ok
104,rest,2615000,2615003,3,focus=true
TTS,cue-104-rest,ok
105,work,2625000,2625004,4,focus=true
TTS,cue-105-work,ok
105,rest,2640000,2640003,3,focus=true
TTS,cue-105-rest,ok
106,work,2650000,2650003,3,focus=true
TTS,cue-106-work,ok
106,rest,2665000,2665003,3,focus=true
TTS,cue-106-rest,ok
107,work,2675000,2675004,4,focus=true
TTS,cue-107-work,ok
107,rest,2690000,2690003,3,focus=true
TTS,cue-107-rest,ok
108,work,2700000,2700014,14,focus=true
TTS,cue-108-work,ok
108,rest,2715000,2715006,6,focus=true
TTS,cue-108-rest,ok
109,work,2725000,2725003,3,focus=true
TTS,cue-109-work,ok
TOTAL,final,2740000,2740003,3
